Day,Year,Battles,plot
1,1939,0,1
2,1939,0,2
3,1939,0,3
4,1939,0,4
5,1939,0,5
6,1939,0,6
7,1939,0,7
8,1939,0,8
9,1939,0,9
10,1939,1,10
11,1939,1,11
12,1939,0,12
13,1939,0,13
14,1939,0,14
15,1939,1,15
16,1939,1,16
17,1939,1,17
18,1939,1,18
19,1939,1,19
20,1939,1,20
21,1939,0,21
22,1939,1,22
23,1939,1,23
24,1939,2,24
25,1939,1,25
26,1939,0,26
27,1939,0,27
28,1939,0,28
29,1939,0,29
30,1939,2,30
31,1939,2,31
32,1939,2,32
33,1939,2,33
34,1939,2,34
35,1939,2,35
36,1939,2,36
37,1939,1,37
38,1939,0,38
39,1939,0,39
40,1939,0,40
41,1939,1,41
42,1939,1,42
43,1939,1,43
44,1939,1,44
45,1939,1,45
46,1939,1,46
47,1939,0,47
48,1939,0,48
49,1939,0,49
50,1939,1,50
51,1939,1,51
52,1939,0,52
53,1939,0,53
54,1939,0,54
55,1939,0,55
56,1939,1,56
57,1939,1,57
58,1939,0,58
59,1939,0,59
60,1939,0,60
61,1939,1,61
62,1939,1,62
63,1939,1,63
64,1939,1,64
65,1939,1,65
66,1939,1,66
67,1939,0,67
68,1939,0,68
69,1939,0,69
70,1939,0,70
71,1939,0,71
72,1939,0,72
73,1939,0,73
74,1939,0,74
75,1939,0,75
76,1939,1,76
77,1939,2,77
78,1939,1,78
79,1939,0,79
80,1939,0,80
81,1939,0,81
82,1939,0,82
83,1939,0,83
84,1939,0,84
85,1939,0,85
86,1939,0,86
87,1939,0,87
88,1939,0,88
89,1939,0,89
90,1939,0,90
91,1939,0,91
92,1939,0,92
93,1939,0,93
94,1939,0,94
95,1939,0,95
96,1939,0,96
97,1939,0,97
98,1939,0,98
99,1939,0,99
100,1939,0,100
101,1939,0,101
102,1939,0,102
103,1939,0,103
104,1939,1,104
105,1939,1,105
106,1939,1,106
107,1939,2,107
108,1939,2,108
109,1939,2,109
110,1939,2,110
111,1939,4,111
112,1939,4,112
113,1939,4,113
114,1939,4,114
115,1939,4,115
116,1939,4,116
117,1939,4,117
118,1939,2,118
119,1939,1,119
120,1939,1,120
121,1939,1,121
122,1939,0,122
123,1939,0,123
124,1939,0,124
125,1939,0,125
126,1939,0,126
127,1939,2,127
128,1939,2,128
129,1939,1,129
130,1939,0,130
131,1939,0,131
132,1939,0,132
133,1939,0,133
134,1939,0,134
135,1939,0,135
136,1939,0,136
137,1939,0,137
138,1939,0,138
139,1939,0,139
140,1939,0,140
141,1939,0,141
142,1939,0,142
143,1939,0,143
144,1939,0,144
145,1939,0,145
146,1939,0,146
147,1939,0,147
148,1939,0,148
149,1939,0,149
150,1939,0,150
151,1939,0,151
152,1939,1,152
153,1939,1,153
154,1939,1,154
155,1939,1,155
156,1939,1,156
157,1939,0,157
158,1939,2,158
159,1939,2,159
160,1939,0,160
161,1939,1,161
162,1939,1,162
163,1939,1,163
164,1939,1,164
165,1939,1,165
166,1939,1,166
167,1939,2,167
168,1939,2,168
169,1939,2,169
170,1939,2,170
171,1939,2,171
172,1939,2,172
173,1939,3,173
174,1939,3,174
175,1939,2,175
176,1939,1,176
177,1939,1,177
178,1939,1,178
179,1939,1,179
180,1939,1,180
181,1939,1,181
182,1939,1,182
183,1939,1,183
184,1939,1,184
185,1939,2,185
186,1939,2,186
187,1939,2,187
188,1939,2,188
189,1939,3,189
190,1939,3,190
191,1939,3,191
192,1939,3,192
193,1939,3,193
194,1939,3,194
195,1939,3,195
196,1939,3,196
197,1939,2,197
198,1939,2,198
199,1939,2,199
200,1939,2,200
201,1939,4,201
202,1939,4,202
203,1939,2,203
204,1939,3,204
205,1939,2,205
206,1939,1,206
207,1939,1,207
208,1939,1,208
209,1939,1,209
210,1939,0,210
211,1939,0,211
212,1939,0,212
213,1939,0,213
214,1939,0,214
215,1939,0,215
216,1939,0,216
217,1939,0,217
218,1939,0,218
219,1939,0,219
220,1939,0,220
221,1939,0,221
222,1939,0,222
223,1939,0,223
224,1939,0,224
225,1939,0,225
226,1939,0,226
227,1939,0,227
228,1939,0,228
229,1939,1,229
230,1939,1,230
231,1939,0,231
232,1939,0,232
233,1939,0,233
234,1939,0,234
235,1939,0,235
236,1939,1,236
237,1939,1,237
238,1939,1,238
239,1939,2,239
240,1939,3,240
241,1939,3,241
242,1939,3,242
243,1939,3,243
244,1939,2,244
245,1939,1,245
246,1939,2,246
247,1939,2,247
248,1939,1,248
249,1939,1,249
250,1939,2,250
251,1939,2,251
252,1939,2,252
253,1939,2,253
254,1939,2,254
255,1939,2,255
256,1939,2,256
257,1939,2,257
258,1939,2,258
259,1939,2,259
260,1939,2,260
261,1939,2,261
262,1939,2,262
263,1939,2,263
264,1939,3,264
265,1939,3,265
266,1939,3,266
267,1939,3,267
268,1939,2,268
269,1939,1,269
270,1939,1,270
271,1939,2,271
272,1939,2,272
273,1939,1,273
274,1939,1,274
275,1939,1,275
276,1939,0,276
277,1939,0,277
278,1939,1,278
279,1939,1,279
280,1939,0,280
281,1939,0,281
282,1939,0,282
283,1939,0,283
284,1939,0,284
285,1939,0,285
286,1939,0,286
287,1939,0,287
288,1939,0,288
289,1939,1,289
290,1939,1,290
291,1939,1,291
292,1939,1,292
293,1939,2,293
294,1939,2,294
295,1939,2,295
296,1939,3,296
297,1939,3,297
298,1939,3,298
299,1939,3,299
300,1939,3,300
301,1939,4,301
302,1939,4,302
303,1939,5,303
304,1939,5,304
305,1939,6,305
306,1939,6,306
307,1939,7,307
308,1939,6,308
309,1939,5,309
310,1939,5,310
311,1939,4,311
312,1939,4,312
313,1939,4,313
314,1939,5,314
315,1939,4,315
316,1939,5,316
317,1939,5,317
318,1939,4,318
319,1939,4,319
320,1939,4,320
321,1939,4,321
322,1939,3,322
323,1939,3,323
324,1939,3,324
325,1939,2,325
326,1939,2,326
327,1939,2,327
328,1939,2,328
329,1939,2,329
330,1939,2,330
331,1939,2,331
332,1939,2,332
333,1939,2,333
334,1939,2,334
335,1939,2,335
336,1939,1,336
337,1939,1,337
338,1939,0,338
339,1939,0,339
340,1939,0,340
341,1939,0,341
342,1939,0,342
343,1939,0,343
344,1939,0,344
345,1939,0,345
346,1939,0,346
347,1939,0,347
348,1939,0,348
349,1939,0,349
350,1939,0,350
351,1939,0,351
352,1939,0,352
353,1939,0,353
354,1939,0,354
355,1939,0,355
356,1939,0,356
357,1939,0,357
358,1939,0,358
359,1939,0,359
360,1939,0,360
361,1939,0,361
362,1939,0,362
363,1939,0,363
364,1939,0,364
365,1939,0,365
1,1940,0,366
2,1940,0,367
3,1940,0,368
4,1940,0,369
5,1940,0,370
6,1940,0,371
7,1940,0,372
8,1940,0,373
9,1940,0,374
10,1940,0,375
11,1940,0,376
12,1940,0,377
13,1940,0,378
14,1940,0,379
15,1940,0,380
16,1940,0,381
17,1940,0,382
18,1940,0,383
19,1940,0,384
20,1940,0,385
21,1940,0,386
22,1940,0,387
23,1940,0,388
24,1940,0,389
25,1940,0,390
26,1940,1,391
27,1940,1,392
28,1940,1,393
29,1940,1,394
30,1940,1,395
31,1940,1,396
32,1940,1,397
33,1940,0,398
34,1940,0,399
35,1940,0,400
36,1940,0,401
37,1940,0,402
38,1940,0,403
39,1940,0,404
40,1940,0,405
41,1940,0,406
42,1940,0,407
43,1940,0,408
44,1940,0,409
45,1940,0,410
46,1940,0,411
47,1940,0,412
48,1940,0,413
49,1940,0,414
50,1940,0,415
51,1940,0,416
52,1940,0,417
53,1940,0,418
54,1940,0,419
55,1940,0,420
56,1940,0,421
57,1940,0,422
58,1940,0,423
59,1940,0,424
60,1940,0,425
61,1940,0,426
62,1940,0,427
63,1940,0,428
64,1940,0,429
65,1940,0,430
66,1940,0,431
67,1940,0,432
68,1940,0,433
69,1940,0,434
70,1940,0,435
71,1940,0,436
72,1940,0,437
73,1940,0,438
74,1940,0,439
75,1940,0,440
76,1940,0,441
77,1940,0,442
78,1940,0,443
79,1940,0,444
80,1940,0,445
81,1940,0,446
82,1940,0,447
83,1940,0,448
84,1940,0,449
85,1940,0,450
86,1940,0,451
87,1940,0,452
88,1940,0,453
89,1940,0,454
90,1940,0,455
91,1940,0,456
92,1940,0,457
93,1940,0,458
94,1940,0,459
95,1940,0,460
96,1940,1,461
97,1940,1,462
98,1940,1,463
99,1940,1,464
100,1940,1,465
101,1940,1,466
102,1940,0,467
103,1940,0,468
104,1940,0,469
105,1940,1,470
106,1940,3,471
107,1940,3,472
108,1940,3,473
109,1940,2,474
110,1940,2,475
111,1940,2,476
112,1940,1,477
113,1940,0,478
114,1940,0,479
115,1940,0,480
116,1940,0,481
117,1940,0,482
118,1940,0,483
119,1940,0,484
120,1940,0,485
121,1940,0,486
122,1940,0,487
123,1940,0,488
124,1940,0,489
125,1940,0,490
126,1940,0,491
127,1940,0,492
128,1940,0,493
129,1940,0,494
130,1940,0,495
131,1940,0,496
132,1940,0,497
133,1940,0,498
134,1940,0,499
135,1940,0,500
136,1940,1,501
137,1940,1,502
138,1940,1,503
139,1940,1,504
140,1940,0,505
141,1940,0,506
142,1940,0,507
143,1940,0,508
144,1940,0,509
145,1940,0,510
146,1940,1,511
147,1940,1,512
148,1940,1,513
149,1940,1,514
150,1940,1,515
151,1940,1,516
152,1940,1,517
153,1940,1,518
154,1940,1,519
155,1940,1,520
156,1940,1,521
157,1940,1,522
158,1940,1,523
159,1940,1,524
160,1940,1,525
161,1940,0,526
162,1940,0,527
163,1940,0,528
164,1940,0,529
165,1940,0,530
166,1940,0,531
167,1940,0,532
168,1940,0,533
169,1940,0,534
170,1940,0,535
171,1940,0,536
172,1940,0,537
173,1940,0,538
174,1940,0,539
175,1940,0,540
176,1940,0,541
177,1940,0,542
178,1940,0,543
179,1940,0,544
180,1940,0,545
181,1940,0,546
182,1940,0,547
183,1940,0,548
184,1940,0,549
185,1940,0,550
186,1940,0,551
187,1940,0,552
188,1940,0,553
189,1940,0,554
190,1940,0,555
191,1940,0,556
192,1940,0,557
193,1940,0,558
194,1940,0,559
195,1940,0,560
196,1940,0,561
197,1940,0,562
198,1940,0,563
199,1940,0,564
200,1940,0,565
201,1940,0,566
202,1940,0,567
203,1940,0,568
204,1940,0,569
205,1940,0,570
206,1940,0,571
207,1940,0,572
208,1940,0,573
209,1940,0,574
210,1940,0,575
211,1940,1,576
212,1940,1,577
213,1940,1,578
214,1940,1,579
215,1940,0,580
216,1940,0,581
217,1940,0,582
218,1940,0,583
219,1940,0,584
220,1940,0,585
221,1940,0,586
222,1940,0,587
223,1940,1,588
224,1940,1,589
225,1940,1,590
226,1940,1,591
227,1940,1,592
228,1940,1,593
229,1940,1,594
230,1940,0,595
231,1940,0,596
232,1940,0,597
233,1940,0,598
234,1940,0,599
235,1940,0,600
236,1940,0,601
237,1940,0,602
238,1940,0,603
239,1940,0,604
240,1940,0,605
241,1940,0,606
242,1940,0,607
243,1940,0,608
244,1940,0,609
245,1940,0,610
246,1940,0,611
247,1940,0,612
248,1940,0,613
249,1940,0,614
250,1940,0,615
251,1940,0,616
252,1940,0,617
253,1940,0,618
254,1940,0,619
255,1940,0,620
256,1940,0,621
257,1940,1,622
258,1940,1,623
259,1940,1,624
260,1940,1,625
261,1940,1,626
262,1940,1,627
263,1940,1,628
264,1940,2,629
265,1940,1,630
266,1940,2,631
267,1940,2,632
268,1940,2,633
269,1940,2,634
270,1940,1,635
271,1940,1,636
272,1940,0,637
273,1940,0,638
274,1940,0,639
275,1940,0,640
276,1940,0,641
277,1940,0,642
278,1940,0,643
279,1940,0,644
280,1940,0,645
281,1940,0,646
282,1940,0,647
283,1940,0,648
284,1940,0,649
285,1940,0,650
286,1940,0,651
287,1940,0,652
288,1940,0,653
289,1940,0,654
290,1940,0,655
291,1940,0,656
292,1940,0,657
293,1940,2,658
294,1940,3,659
295,1940,3,660
296,1940,3,661
297,1940,3,662
298,1940,3,663
299,1940,3,664
300,1940,3,665
301,1940,0,666
302,1940,0,667
303,1940,0,668
304,1940,0,669
305,1940,0,670
306,1940,1,671
307,1940,1,672
308,1940,1,673
309,1940,1,674
310,1940,0,675
311,1940,0,676
312,1940,1,677
313,1940,1,678
314,1940,0,679
315,1940,0,680
316,1940,0,681
317,1940,0,682
318,1940,0,683
319,1940,0,684
320,1940,0,685
321,1940,0,686
322,1940,0,687
323,1940,0,688
324,1940,0,689
325,1940,0,690
326,1940,0,691
327,1940,0,692
328,1940,0,693
329,1940,0,694
330,1940,0,695
331,1940,0,696
332,1940,0,697
333,1940,0,698
334,1940,0,699
335,1940,0,700
336,1940,0,701
337,1940,0,702
338,1940,0,703
339,1940,0,704
340,1940,0,705
341,1940,1,706
342,1940,1,707
343,1940,1,708
344,1940,1,709
345,1940,1,710
346,1940,1,711
347,1940,0,712
348,1940,0,713
349,1940,0,714
350,1940,0,715
351,1940,0,716
352,1940,0,717
353,1940,0,718
354,1940,0,719
355,1940,0,720
356,1940,0,721
357,1940,0,722
358,1940,0,723
359,1940,0,724
360,1940,0,725
361,1940,0,726
362,1940,0,727
363,1940,0,728
364,1940,0,729
365,1940,0,730
1,1941,0,731
2,1941,0,732
3,1941,0,733
4,1941,0,734
5,1941,0,735
6,1941,0,736
7,1941,0,737
8,1941,0,738
9,1941,0,739
10,1941,0,740
11,1941,0,741
12,1941,0,742
13,1941,0,743
14,1941,0,744
15,1941,0,745
16,1941,0,746
17,1941,0,747
18,1941,0,748
19,1941,0,749
20,1941,0,750
21,1941,0,751
22,1941,0,752
23,1941,0,753
24,1941,0,754
25,1941,0,755
26,1941,0,756
27,1941,0,757
28,1941,0,758
29,1941,0,759
30,1941,0,760
31,1941,0,761
32,1941,0,762
33,1941,0,763
34,1941,0,764
35,1941,0,765
36,1941,0,766
37,1941,0,767
38,1941,0,768
39,1941,0,769
40,1941,0,770
41,1941,0,771
42,1941,0,772
43,1941,0,773
44,1941,0,774
45,1941,0,775
46,1941,0,776
47,1941,0,777
48,1941,0,778
49,1941,0,779
50,1941,0,780
51,1941,0,781
52,1941,0,782
53,1941,0,783
54,1941,0,784
55,1941,0,785
56,1941,0,786
57,1941,0,787
58,1941,0,788
59,1941,0,789
60,1941,0,790
61,1941,0,791
62,1941,0,792
63,1941,0,793
64,1941,0,794
65,1941,0,795
66,1941,0,796
67,1941,0,797
68,1941,0,798
69,1941,0,799
70,1941,0,800
71,1941,0,801
72,1941,0,802
73,1941,0,803
74,1941,0,804
75,1941,0,805
76,1941,0,806
77,1941,0,807
78,1941,0,808
79,1941,0,809
80,1941,0,810
81,1941,1,811
82,1941,1,812
83,1941,1,813
84,1941,1,814
85,1941,2,815
86,1941,2,816
87,1941,2,817
88,1941,2,818
89,1941,1,819
90,1941,1,820
91,1941,1,821
92,1941,1,822
93,1941,1,823
94,1941,1,824
95,1941,1,825
96,1941,1,826
97,1941,1,827
98,1941,1,828
99,1941,1,829
100,1941,1,830
101,1941,1,831
102,1941,1,832
103,1941,1,833
104,1941,1,834
105,1941,2,835
106,1941,1,836
107,1941,1,837
108,1941,1,838
109,1941,2,839
110,1941,2,840
111,1941,1,841
112,1941,1,842
113,1941,1,843
114,1941,1,844
115,1941,1,845
116,1941,0,846
117,1941,0,847
118,1941,0,848
119,1941,0,849
120,1941,1,850
121,1941,1,851
122,1941,0,852
123,1941,1,853
124,1941,1,854
125,1941,2,855
126,1941,4,856
127,1941,4,857
128,1941,4,858
129,1941,4,859
130,1941,4,860
131,1941,4,861
132,1941,4,862
133,1941,4,863
134,1941,4,864
135,1941,4,865
136,1941,4,866
137,1941,4,867
138,1941,4,868
139,1941,4,869
140,1941,4,870
141,1941,4,871
142,1941,3,872
143,1941,3,873
144,1941,3,874
145,1941,2,875
146,1941,1,876
147,1941,2,877
148,1941,2,878
149,1941,2,879
150,1941,2,880
151,1941,2,881
152,1941,2,882
153,1941,2,883
154,1941,2,884
155,1941,2,885
156,1941,2,886
157,1941,2,887
158,1941,2,888
159,1941,2,889
160,1941,2,890
161,1941,2,891
162,1941,2,892
163,1941,2,893
164,1941,2,894
165,1941,2,895
166,1941,2,896
167,1941,2,897
168,1941,2,898
169,1941,2,899
170,1941,2,900
171,1941,2,901
172,1941,2,902
173,1941,2,903
174,1941,2,904
175,1941,2,905
176,1941,2,906
177,1941,2,907
178,1941,2,908
179,1941,2,909
180,1941,2,910
181,1941,2,911
182,1941,2,912
183,1941,2,913
184,1941,2,914
185,1941,2,915
186,1941,2,916
187,1941,2,917
188,1941,2,918
189,1941,2,919
190,1941,2,920
191,1941,2,921
192,1941,2,922
193,1941,2,923
194,1941,2,924
195,1941,2,925
196,1941,2,926
197,1941,2,927
198,1941,2,928
199,1941,2,929
200,1941,2,930
201,1941,2,931
202,1941,2,932
203,1941,2,933
204,1941,2,934
205,1941,2,935
206,1941,2,936
207,1941,2,937
208,1941,2,938
209,1941,2,939
210,1941,1,940
211,1941,1,941
212,1941,1,942
213,1941,1,943
214,1941,1,944
215,1941,1,945
216,1941,2,946
217,1941,2,947
218,1941,2,948
219,1941,2,949
220,1941,2,950
221,1941,2,951
222,1941,2,952
223,1941,2,953
224,1941,2,954
225,1941,2,955
226,1941,2,956
227,1941,3,957
228,1941,3,958
229,1941,3,959
230,1941,3,960
231,1941,3,961
232,1941,2,962
233,1941,2,963
234,1941,2,964
235,1941,2,965
236,1941,3,966
237,1941,3,967
238,1941,3,968
239,1941,3,969
240,1941,3,970
241,1941,3,971
242,1941,3,972
243,1941,2,973
244,1941,2,974
245,1941,1,975
246,1941,1,976
247,1941,1,977
248,1941,1,978
249,1941,1,979
250,1941,1,980
251,1941,1,981
252,1941,1,982
253,1941,1,983
254,1941,0,984
255,1941,0,985
256,1941,0,986
257,1941,0,987
258,1941,0,988
259,1941,0,989
260,1941,0,990
261,1941,0,991
262,1941,0,992
263,1941,1,993
264,1941,1,994
265,1941,1,995
266,1941,1,996
267,1941,1,997
268,1941,2,998
269,1941,2,999
270,1941,2,1000
271,1941,2,1001
272,1941,2,1002
273,1941,2,1003
274,1941,2,1004
275,1941,2,1005
276,1941,2,1006
277,1941,2,1007
278,1941,2,1008
279,1941,3,1009
280,1941,3,1010
281,1941,3,1011
282,1941,3,1012
283,1941,3,1013
284,1941,3,1014
285,1941,3,1015
286,1941,3,1016
287,1941,2,1017
288,1941,2,1018
289,1941,2,1019
290,1941,2,1020
291,1941,2,1021
292,1941,2,1022
293,1941,3,1023
294,1941,3,1024
295,1941,3,1025
296,1941,3,1026
297,1941,3,1027
298,1941,3,1028
299,1941,3,1029
300,1941,3,1030
301,1941,3,1031
302,1941,3,1032
303,1941,3,1033
304,1941,3,1034
305,1941,3,1035
306,1941,3,1036
307,1941,3,1037
308,1941,3,1038
309,1941,3,1039
310,1941,3,1040
311,1941,3,1041
312,1941,3,1042
313,1941,3,1043
314,1941,3,1044
315,1941,3,1045
316,1941,3,1046
317,1941,3,1047
318,1941,3,1048
319,1941,2,1049
320,1941,2,1050
321,1941,2,1051
322,1941,2,1052
323,1941,2,1053
324,1941,2,1054
325,1941,3,1055
326,1941,2,1056
327,1941,2,1057
328,1941,2,1058
329,1941,2,1059
330,1941,2,1060
331,1941,2,1061
332,1941,3,1062
333,1941,3,1063
334,1941,4,1064
335,1941,3,1065
336,1941,3,1066
337,1941,3,1067
338,1941,3,1068
339,1941,3,1069
340,1941,3,1070
341,1941,2,1071
342,1941,2,1072
343,1941,3,1073
344,1941,3,1074
345,1941,3,1075
346,1941,3,1076
347,1941,3,1077
348,1941,2,1078
349,1941,2,1079
350,1941,1,1080
351,1941,1,1081
352,1941,1,1082
353,1941,1,1083
354,1941,1,1084
355,1941,1,1085
356,1941,1,1086
357,1941,1,1087
358,1941,1,1088
359,1941,0,1089
360,1941,0,1090
361,1941,0,1091
362,1941,0,1092
363,1941,0,1093
364,1941,0,1094
365,1941,0,1095
1,1942,0,1096
2,1942,0,1097
3,1942,0,1098
4,1942,1,1099
5,1942,1,1100
6,1942,1,1101
7,1942,1,1102
8,1942,1,1103
9,1942,2,1104
10,1942,2,1105
11,1942,3,1106
12,1942,3,1107
13,1942,3,1108
14,1942,3,1109
15,1942,3,1110
16,1942,3,1111
17,1942,3,1112
18,1942,3,1113
19,1942,3,1114
20,1942,2,1115
21,1942,2,1116
22,1942,2,1117
23,1942,2,1118
24,1942,2,1119
25,1942,2,1120
26,1942,2,1121
27,1942,0,1122
28,1942,0,1123
29,1942,1,1124
30,1942,1,1125
31,1942,1,1126
32,1942,1,1127
33,1942,1,1128
34,1942,1,1129
35,1942,2,1130
36,1942,2,1131
37,1942,2,1132
38,1942,2,1133
39,1942,2,1134
40,1942,2,1135
41,1942,2,1136
42,1942,2,1137
43,1942,2,1138
44,1942,2,1139
45,1942,2,1140
46,1942,2,1141
47,1942,3,1142
48,1942,3,1143
49,1942,3,1144
50,1942,3,1145
51,1942,3,1146
52,1942,3,1147
53,1942,2,1148
54,1942,2,1149
55,1942,2,1150
56,1942,2,1151
57,1942,3,1152
58,1942,3,1153
59,1942,3,1154
60,1942,3,1155
61,1942,3,1156
62,1942,3,1157
63,1942,2,1158
64,1942,2,1159
65,1942,1,1160
66,1942,1,1161
67,1942,1,1162
68,1942,1,1163
69,1942,1,1164
70,1942,1,1165
71,1942,1,1166
72,1942,1,1167
73,1942,1,1168
74,1942,1,1169
75,1942,1,1170
76,1942,1,1171
77,1942,1,1172
78,1942,1,1173
79,1942,1,1174
80,1942,1,1175
81,1942,1,1176
82,1942,1,1177
83,1942,1,1178
84,1942,1,1179
85,1942,1,1180
86,1942,1,1181
87,1942,1,1182
88,1942,1,1183
89,1942,1,1184
90,1942,0,1185
91,1942,0,1186
92,1942,2,1187
93,1942,2,1188
94,1942,2,1189
95,1942,2,1190
96,1942,2,1191
97,1942,2,1192
98,1942,2,1193
99,1942,2,1194
100,1942,2,1195
101,1942,2,1196
102,1942,2,1197
103,1942,2,1198
104,1942,2,1199
105,1942,2,1200
106,1942,3,1201
107,1942,3,1202
108,1942,2,1203
109,1942,3,1204
110,1942,3,1205
111,1942,3,1206
112,1942,3,1207
113,1942,3,1208
114,1942,4,1209
115,1942,4,1210
116,1942,4,1211
117,1942,3,1212
118,1942,3,1213
119,1942,3,1214
120,1942,2,1215
121,1942,3,1216
122,1942,3,1217
123,1942,2,1218
124,1942,2,1219
125,1942,2,1220
126,1942,2,1221
127,1942,1,1222
128,1942,1,1223
129,1942,1,1224
130,1942,1,1225
131,1942,1,1226
132,1942,1,1227
133,1942,1,1228
134,1942,1,1229
135,1942,1,1230
136,1942,1,1231
137,1942,1,1232
138,1942,2,1233
139,1942,2,1234
140,1942,2,1235
141,1942,2,1236
142,1942,2,1237
143,1942,2,1238
144,1942,1,1239
145,1942,1,1240
146,1942,1,1241
147,1942,1,1242
148,1942,1,1243
149,1942,1,1244
150,1942,1,1245
151,1942,1,1246
152,1942,1,1247
153,1942,1,1248
154,1942,0,1249
155,1942,0,1250
156,1942,0,1251
157,1942,0,1252
158,1942,0,1253
159,1942,0,1254
160,1942,0,1255
161,1942,0,1256
162,1942,0,1257
163,1942,0,1258
164,1942,0,1259
165,1942,0,1260
166,1942,0,1261
167,1942,0,1262
168,1942,0,1263
169,1942,0,1264
170,1942,0,1265
171,1942,0,1266
172,1942,0,1267
173,1942,0,1268
174,1942,0,1269
175,1942,0,1270
176,1942,0,1271
177,1942,0,1272
178,1942,0,1273
179,1942,0,1274
180,1942,0,1275
181,1942,0,1276
182,1942,0,1277
183,1942,0,1278
184,1942,0,1279
185,1942,0,1280
186,1942,1,1281
187,1942,2,1282
188,1942,2,1283
189,1942,2,1284
190,1942,2,1285
191,1942,2,1286
192,1942,2,1287
193,1942,3,1288
194,1942,3,1289
195,1942,3,1290
196,1942,3,1291
197,1942,3,1292
198,1942,3,1293
199,1942,3,1294
200,1942,3,1295
201,1942,3,1296
202,1942,3,1297
203,1942,3,1298
204,1942,3,1299
205,1942,3,1300
206,1942,2,1301
207,1942,2,1302
208,1942,1,1303
209,1942,1,1304
210,1942,1,1305
211,1942,1,1306
212,1942,1,1307
213,1942,3,1308
214,1942,4,1309
215,1942,4,1310
216,1942,3,1311
217,1942,3,1312
218,1942,3,1313
219,1942,3,1314
220,1942,3,1315
221,1942,3,1316
222,1942,3,1317
223,1942,3,1318
224,1942,3,1319
225,1942,3,1320
226,1942,3,1321
227,1942,3,1322
228,1942,4,1323
229,1942,4,1324
230,1942,4,1325
231,1942,4,1326
232,1942,4,1327
233,1942,5,1328
234,1942,6,1329
235,1942,5,1330
236,1942,5,1331
237,1942,5,1332
238,1942,5,1333
239,1942,5,1334
240,1942,5,1335
241,1942,5,1336
242,1942,5,1337
243,1942,5,1338
244,1942,5,1339
245,1942,5,1340
246,1942,5,1341
247,1942,5,1342
248,1942,5,1343
249,1942,5,1344
250,1942,3,1345
251,1942,3,1346
252,1942,3,1347
253,1942,3,1348
254,1942,3,1349
255,1942,3,1350
256,1942,3,1351
257,1942,3,1352
258,1942,3,1353
259,1942,3,1354
260,1942,3,1355
261,1942,3,1356
262,1942,4,1357
263,1942,4,1358
264,1942,3,1359
265,1942,3,1360
266,1942,3,1361
267,1942,3,1362
268,1942,3,1363
269,1942,3,1364
270,1942,3,1365
271,1942,3,1366
272,1942,3,1367
273,1942,3,1368
274,1942,3,1369
275,1942,3,1370
276,1942,3,1371
277,1942,2,1372
278,1942,2,1373
279,1942,2,1374
280,1942,2,1375
281,1942,2,1376
282,1942,2,1377
283,1942,2,1378
284,1942,2,1379
285,1942,3,1380
286,1942,3,1381
287,1942,3,1382
288,1942,3,1383
289,1942,3,1384
290,1942,3,1385
291,1942,3,1386
292,1942,2,1387
293,1942,2,1388
294,1942,2,1389
295,1942,2,1390
296,1942,2,1391
297,1942,2,1392
298,1942,2,1393
299,1942,3,1394
300,1942,3,1395
301,1942,3,1396
302,1942,3,1397
303,1942,3,1398
304,1942,3,1399
305,1942,4,1400
306,1942,4,1401
307,1942,4,1402
308,1942,4,1403
309,1942,4,1404
310,1942,4,1405
311,1942,3,1406
312,1942,3,1407
313,1942,3,1408
314,1942,3,1409
315,1942,2,1410
316,1942,2,1411
317,1942,1,1412
318,1942,1,1413
319,1942,1,1414
320,1942,1,1415
321,1942,1,1416
322,1942,1,1417
323,1942,1,1418
324,1942,1,1419
325,1942,1,1420
326,1942,1,1421
327,1942,1,1422
328,1942,1,1423
329,1942,1,1424
330,1942,1,1425
331,1942,2,1426
332,1942,2,1427
333,1942,3,1428
334,1942,2,1429
335,1942,2,1430
336,1942,2,1431
337,1942,2,1432
338,1942,2,1433
339,1942,2,1434
340,1942,3,1435
341,1942,3,1436
342,1942,3,1437
343,1942,3,1438
344,1942,3,1439
345,1942,3,1440
346,1942,3,1441
347,1942,3,1442
348,1942,3,1443
349,1942,3,1444
350,1942,3,1445
351,1942,3,1446
352,1942,3,1447
353,1942,3,1448
354,1942,3,1449
355,1942,3,1450
356,1942,3,1451
357,1942,3,1452
358,1942,3,1453
359,1942,3,1454
360,1942,3,1455
361,1942,3,1456
362,1942,3,1457
363,1942,3,1458
364,1942,3,1459
365,1942,3,1460
1,1943,3,1461
2,1943,3,1462
3,1943,3,1463
4,1943,3,1464
5,1943,3,1465
6,1943,3,1466
7,1943,3,1467
8,1943,3,1468
9,1943,4,1469
10,1943,4,1470
11,1943,4,1471
12,1943,4,1472
13,1943,4,1473
14,1943,4,1474
15,1943,5,1475
16,1943,5,1476
17,1943,4,1477
18,1943,4,1478
19,1943,4,1479
20,1943,4,1480
21,1943,4,1481
22,1943,3,1482
23,1943,1,1483
24,1943,1,1484
25,1943,1,1485
26,1943,1,1486
27,1943,1,1487
28,1943,1,1488
29,1943,1,1489
30,1943,1,1490
31,1943,1,1491
32,1943,1,1492
33,1943,1,1493
34,1943,1,1494
35,1943,1,1495
36,1943,1,1496
37,1943,2,1497
38,1943,4,1498
39,1943,4,1499
40,1943,3,1500
41,1943,3,1501
42,1943,3,1502
43,1943,3,1503
44,1943,3,1504
45,1943,3,1505
46,1943,3,1506
47,1943,3,1507
48,1943,3,1508
49,1943,3,1509
50,1943,3,1510
51,1943,3,1511
52,1943,3,1512
53,1943,2,1513
54,1943,2,1514
55,1943,2,1515
56,1943,2,1516
57,1943,2,1517
58,1943,2,1518
59,1943,2,1519
60,1943,2,1520
61,1943,2,1521
62,1943,2,1522
63,1943,3,1523
64,1943,3,1524
65,1943,3,1525
66,1943,4,1526
67,1943,4,1527
68,1943,4,1528
69,1943,4,1529
70,1943,4,1530
71,1943,4,1531
72,1943,4,1532
73,1943,4,1533
74,1943,2,1534
75,1943,2,1535
76,1943,2,1536
77,1943,2,1537
78,1943,1,1538
79,1943,1,1539
80,1943,2,1540
81,1943,2,1541
82,1943,2,1542
83,1943,2,1543
84,1943,2,1544
85,1943,2,1545
86,1943,2,1546
87,1943,2,1547
88,1943,2,1548
89,1943,2,1549
90,1943,2,1550
91,1943,2,1551
92,1943,5,1552
93,1943,5,1553
94,1943,5,1554
95,1943,5,1555
96,1943,5,1556
97,1943,5,1557
98,1943,4,1558
99,1943,4,1559
100,1943,4,1560
101,1943,4,1561
102,1943,4,1562
103,1943,3,1563
104,1943,3,1564
105,1943,3,1565
106,1943,3,1566
107,1943,3,1567
108,1943,4,1568
109,1943,5,1569
110,1943,5,1570
111,1943,5,1571
112,1943,5,1572
113,1943,5,1573
114,1943,5,1574
115,1943,4,1575
116,1943,4,1576
117,1943,2,1577
118,1943,2,1578
119,1943,2,1579
120,1943,3,1580
121,1943,3,1581
122,1943,2,1582
123,1943,3,1583
124,1943,3,1584
125,1943,3,1585
126,1943,3,1586
127,1943,3,1587
128,1943,3,1588
129,1943,3,1589
130,1943,4,1590
131,1943,4,1591
132,1943,4,1592
133,1943,4,1593
134,1943,4,1594
135,1943,4,1595
136,1943,4,1596
137,1943,3,1597
138,1943,3,1598
139,1943,3,1599
140,1943,3,1600
141,1943,2,1601
142,1943,2,1602
143,1943,2,1603
144,1943,2,1604
145,1943,2,1605
146,1943,2,1606
147,1943,2,1607
148,1943,2,1608
149,1943,2,1609
150,1943,2,1610
151,1943,2,1611
152,1943,2,1612
153,1943,2,1613
154,1943,3,1614
155,1943,3,1615
156,1943,2,1616
157,1943,2,1617
158,1943,2,1618
159,1943,2,1619
160,1943,2,1620
161,1943,1,1621
162,1943,1,1622
163,1943,1,1623
164,1943,1,1624
165,1943,2,1625
166,1943,2,1626
167,1943,2,1627
168,1943,2,1628
169,1943,1,1629
170,1943,0,1630
171,1943,0,1631
172,1943,1,1632
173,1943,1,1633
174,1943,1,1634
175,1943,1,1635
176,1943,1,1636
177,1943,1,1637
178,1943,1,1638
179,1943,1,1639
180,1943,1,1640
181,1943,1,1641
182,1943,1,1642
183,1943,1,1643
184,1943,1,1644
185,1943,1,1645
186,1943,1,1646
187,1943,1,1647
188,1943,1,1648
189,1943,1,1649
190,1943,1,1650
191,1943,1,1651
192,1943,1,1652
193,1943,1,1653
194,1943,1,1654
195,1943,1,1655
196,1943,1,1656
197,1943,1,1657
198,1943,1,1658
199,1943,1,1659
200,1943,1,1660
201,1943,1,1661
202,1943,1,1662
203,1943,1,1663
204,1943,1,1664
205,1943,1,1665
206,1943,1,1666
207,1943,1,1667
208,1943,1,1668
209,1943,1,1669
210,1943,1,1670
211,1943,1,1671
212,1943,1,1672
213,1943,1,1673
214,1943,1,1674
215,1943,1,1675
216,1943,1,1676
217,1943,1,1677
218,1943,1,1678
219,1943,1,1679
220,1943,1,1680
221,1943,1,1681
222,1943,1,1682
223,1943,1,1683
224,1943,1,1684
225,1943,1,1685
226,1943,1,1686
227,1943,1,1687
228,1943,1,1688
229,1943,1,1689
230,1943,1,1690
231,1943,1,1691
232,1943,1,1692
233,1943,2,1693
234,1943,1,1694
235,1943,1,1695
236,1943,1,1696
237,1943,1,1697
238,1943,2,1698
239,1943,2,1699
240,1943,2,1700
241,1943,2,1701
242,1943,2,1702
243,1943,2,1703
244,1943,2,1704
245,1943,2,1705
246,1943,2,1706
247,1943,2,1707
248,1943,2,1708
249,1943,2,1709
250,1943,2,1710
251,1943,2,1711
252,1943,2,1712
253,1943,2,1713
254,1943,2,1714
255,1943,2,1715
256,1943,2,1716
257,1943,2,1717
258,1943,2,1718
259,1943,2,1719
260,1943,2,1720
261,1943,2,1721
262,1943,2,1722
263,1943,2,1723
264,1943,2,1724
265,1943,2,1725
266,1943,2,1726
267,1943,2,1727
268,1943,2,1728
269,1943,2,1729
270,1943,3,1730
271,1943,3,1731
272,1943,3,1732
273,1943,4,1733
274,1943,5,1734
275,1943,6,1735
276,1943,6,1736
277,1943,6,1737
278,1943,6,1738
279,1943,6,1739
280,1943,6,1740
281,1943,7,1741
282,1943,8,1742
283,1943,9,1743
284,1943,10,1744
285,1943,7,1745
286,1943,7,1746
287,1943,8,1747
288,1943,8,1748
289,1943,8,1749
290,1943,7,1750
291,1943,6,1751
292,1943,5,1752
293,1943,5,1753
294,1943,4,1754
295,1943,2,1755
296,1943,2,1756
297,1943,2,1757
298,1943,2,1758
299,1943,1,1759
300,1943,1,1760
301,1943,1,1761
302,1943,0,1762
303,1943,0,1763
304,1943,0,1764
305,1943,1,1765
306,1943,1,1766
307,1943,1,1767
308,1943,1,1768
309,1943,1,1769
310,1943,1,1770
311,1943,1,1771
312,1943,1,1772
313,1943,1,1773
314,1943,1,1774
315,1943,1,1775
316,1943,1,1776
317,1943,1,1777
318,1943,1,1778
319,1943,1,1779
320,1943,1,1780
321,1943,1,1781
322,1943,1,1782
323,1943,1,1783
324,1943,1,1784
325,1943,1,1785
326,1943,1,1786
327,1943,1,1787
328,1943,1,1788
329,1943,1,1789
330,1943,1,1790
331,1943,1,1791
332,1943,1,1792
333,1943,0,1793
334,1943,0,1794
335,1943,0,1795
336,1943,0,1796
337,1943,0,1797
338,1943,0,1798
339,1943,0,1799
340,1943,0,1800
341,1943,0,1801
342,1943,0,1802
343,1943,0,1803
344,1943,0,1804
345,1943,0,1805
346,1943,0,1806
347,1943,0,1807
348,1943,0,1808
349,1943,0,1809
350,1943,0,1810
351,1943,0,1811
352,1943,0,1812
353,1943,0,1813
354,1943,0,1814
355,1943,0,1815
356,1943,0,1816
357,1943,0,1817
358,1943,0,1818
359,1943,0,1819
360,1943,0,1820
361,1943,0,1821
362,1943,0,1822
363,1943,0,1823
364,1943,0,1824
365,1943,0,1825
1,1944,0,1826
2,1944,0,1827
3,1944,0,1828
4,1944,0,1829
5,1944,0,1830
6,1944,0,1831
7,1944,1,1832
8,1944,1,1833
9,1944,1,1834
10,1944,2,1835
11,1944,2,1836
12,1944,2,1837
13,1944,1,1838
14,1944,1,1839
15,1944,2,1840
16,1944,2,1841
17,1944,3,1842
18,1944,3,1843
19,1944,3,1844
20,1944,3,1845
21,1944,3,1846
22,1944,2,1847
23,1944,2,1848
24,1944,2,1849
25,1944,2,1850
26,1944,1,1851
27,1944,1,1852
28,1944,1,1853
29,1944,3,1854
30,1944,3,1855
31,1944,2,1856
32,1944,2,1857
33,1944,2,1858
34,1944,2,1859
35,1944,2,1860
36,1944,1,1861
37,1944,1,1862
38,1944,1,1863
39,1944,1,1864
40,1944,1,1865
41,1944,2,1866
42,1944,2,1867
43,1944,1,1868
44,1944,1,1869
45,1944,1,1870
46,1944,1,1871
47,1944,1,1872
48,1944,1,1873
49,1944,1,1874
50,1944,1,1875
51,1944,1,1876
52,1944,1,1877
53,1944,1,1878
54,1944,1,1879
55,1944,1,1880
56,1944,1,1881
57,1944,1,1882
58,1944,1,1883
59,1944,1,1884
60,1944,1,1885
61,1944,1,1886
62,1944,1,1887
63,1944,2,1888
64,1944,2,1889
65,1944,1,1890
66,1944,1,1891
67,1944,1,1892
68,1944,1,1893
69,1944,1,1894
70,1944,1,1895
71,1944,1,1896
72,1944,1,1897
73,1944,1,1898
74,1944,1,1899
75,1944,1,1900
76,1944,1,1901
77,1944,1,1902
78,1944,1,1903
79,1944,1,1904
80,1944,1,1905
81,1944,1,1906
82,1944,1,1907
83,1944,1,1908
84,1944,1,1909
85,1944,1,1910
86,1944,1,1911
87,1944,1,1912
88,1944,1,1913
89,1944,1,1914
90,1944,1,1915
91,1944,1,1916
92,1944,1,1917
93,1944,2,1918
94,1944,2,1919
95,1944,2,1920
96,1944,2,1921
97,1944,2,1922
98,1944,2,1923
99,1944,2,1924
100,1944,1,1925
101,1944,1,1926
102,1944,0,1927
103,1944,0,1928
104,1944,0,1929
105,1944,0,1930
106,1944,0,1931
107,1944,0,1932
108,1944,0,1933
109,1944,0,1934
110,1944,0,1935
111,1944,0,1936
112,1944,1,1937
113,1944,1,1938
114,1944,1,1939
115,1944,1,1940
116,1944,1,1941
117,1944,1,1942
118,1944,1,1943
119,1944,0,1944
120,1944,0,1945
121,1944,0,1946
122,1944,0,1947
123,1944,0,1948
124,1944,0,1949
125,1944,0,1950
126,1944,0,1951
127,1944,0,1952
128,1944,1,1953
129,1944,1,1954
130,1944,1,1955
131,1944,1,1956
132,1944,1,1957
133,1944,1,1958
134,1944,1,1959
135,1944,1,1960
136,1944,1,1961
137,1944,1,1962
138,1944,1,1963
139,1944,1,1964
140,1944,2,1965
141,1944,2,1966
142,1944,2,1967
143,1944,2,1968
144,1944,2,1969
145,1944,2,1970
146,1944,2,1971
147,1944,2,1972
148,1944,2,1973
149,1944,2,1974
150,1944,3,1975
151,1944,3,1976
152,1944,3,1977
153,1944,3,1978
154,1944,3,1979
155,1944,3,1980
156,1944,2,1981
157,1944,2,1982
158,1944,1,1983
159,1944,1,1984
160,1944,2,1985
161,1944,2,1986
162,1944,2,1987
163,1944,2,1988
164,1944,2,1989
165,1944,2,1990
166,1944,2,1991
167,1944,2,1992
168,1944,2,1993
169,1944,1,1994
170,1944,1,1995
171,1944,1,1996
172,1944,1,1997
173,1944,1,1998
174,1944,1,1999
175,1944,1,2000
176,1944,1,2001
177,1944,1,2002
178,1944,1,2003
179,1944,1,2004
180,1944,1,2005
181,1944,1,2006
182,1944,1,2007
183,1944,1,2008
184,1944,1,2009
185,1944,1,2010
186,1944,1,2011
187,1944,1,2012
188,1944,1,2013
189,1944,1,2014
190,1944,1,1940
191,1944,1,1941
192,1944,1,1942
193,1944,1,1943
194,1944,1,1944
195,1944,1,1945
196,1944,1,1946
197,1944,1,2022
198,1944,2,2023
199,1944,2,2024
200,1944,1,2025
201,1944,1,2026
202,1944,1,2027
203,1944,1,2028
204,1944,1,2029
205,1944,2,2030
206,1944,2,2031
207,1944,3,2032
208,1944,3,2033
209,1944,3,2034
210,1944,3,2035
211,1944,1,2036
212,1944,0,2037
213,1944,0,2038
214,1944,0,2039
215,1944,0,2040
216,1944,0,2041
217,1944,0,2042
218,1944,0,2043
219,1944,0,2044
220,1944,1,2045
221,1944,1,2046
222,1944,1,2047
223,1944,1,2048
224,1944,1,2049
225,1944,1,2050
226,1944,2,2051
227,1944,2,2052
228,1944,2,2053
229,1944,2,2054
230,1944,3,2055
231,1944,3,2056
232,1944,2,2057
233,1944,1,2058
234,1944,1,2059
235,1944,1,2060
236,1944,2,2061
237,1944,3,2062
238,1944,3,2063
239,1944,3,2064
240,1944,3,2065
241,1944,3,2066
242,1944,3,2067
243,1944,3,2068
244,1944,3,2069
245,1944,3,2070
246,1944,3,2071
247,1944,3,2072
248,1944,3,2073
249,1944,3,2074
250,1944,3,2075
251,1944,4,2076
252,1944,5,2077
253,1944,4,2078
254,1944,2,2079
255,1944,1,2080
256,1944,1,2081
257,1944,1,2082
258,1944,1,2083
259,1944,1,2084
260,1944,1,2085
261,1944,2,2086
262,1944,1,2087
263,1944,1,2088
264,1944,1,2089
265,1944,1,2090
266,1944,1,2091
267,1944,2,2092
268,1944,1,2093
269,1944,1,2094
270,1944,1,2095
271,1944,1,2096
272,1944,1,2097
273,1944,1,2098
274,1944,1,2099
275,1944,0,2100
276,1944,0,2101
277,1944,0,2102
278,1944,0,2103
279,1944,0,2104
280,1944,0,2105
281,1944,0,2106
282,1944,1,2107
283,1944,2,2108
284,1944,2,2109
285,1944,2,2110
286,1944,2,2111
287,1944,2,2112
288,1944,2,2113
289,1944,2,2114
290,1944,2,2115
291,1944,1,2116
292,1944,1,2117
293,1944,1,2118
294,1944,1,2119
295,1944,1,2120
296,1944,2,2121
297,1944,2,2122
298,1944,2,2123
299,1944,2,2124
300,1944,3,2125
301,1944,3,2126
302,1944,5,2127
303,1944,5,2128
304,1944,5,2129
305,1944,5,2130
306,1944,5,2131
307,1944,6,2132
308,1944,6,2133
309,1944,6,2134
310,1944,7,2135
311,1944,9,2136
312,1944,8,2137
313,1944,8,2138
314,1944,8,2139
315,1944,8,2140
316,1944,8,2141
317,1944,8,2142
318,1944,8,2143
319,1944,5,2144
320,1944,5,2145
321,1944,5,2146
322,1944,6,2147
323,1944,6,2148
324,1944,6,2149
325,1944,6,2150
326,1944,4,2151
327,1944,4,2152
328,1944,5,2153
329,1944,4,2154
330,1944,5,2155
331,1944,5,2156
332,1944,5,2157
333,1944,5,2158
334,1944,5,2159
335,1944,5,2160
336,1944,4,2161
337,1944,6,2162
338,1944,4,2163
339,1944,4,2164
340,1944,4,2165
341,1944,4,2166
342,1944,4,2167
343,1944,4,2168
344,1944,4,2169
345,1944,4,2170
346,1944,4,2171
347,1944,4,2172
348,1944,4,2173
349,1944,4,2174
350,1944,4,2175
351,1944,4,2176
352,1944,4,2177
353,1944,4,2178
354,1944,4,2179
355,1944,4,2180
356,1944,4,2181
357,1944,4,2182
358,1944,4,2183
359,1944,4,2184
360,1944,4,2185
361,1944,2,2186
362,1944,2,2187
363,1944,2,2188
364,1944,2,2189
365,1944,2,2190
1,1945,2,2191
2,1945,2,2192
3,1945,1,2193
4,1945,1,2194
5,1945,3,2195
6,1945,3,2196
7,1945,5,2197
8,1945,6,2198
9,1945,6,2199
10,1945,6,2200
11,1945,6,2201
12,1945,7,2202
13,1945,7,2203
14,1945,7,2204
15,1945,4,2205
16,1945,4,2206
17,1945,4,2207
18,1945,4,2208
19,1945,4,2209
20,1945,3,2210
21,1945,7,2211
22,1945,7,2212
23,1945,7,2213
24,1945,7,2214
25,1945,7,2215
26,1945,7,2216
27,1945,7,2217
28,1945,7,2218
29,1945,3,2219
30,1945,3,2220
31,1945,3,2221
32,1945,3,2222
33,1945,4,2223
34,1945,5,2224
35,1945,5,2225
36,1945,5,2226
37,1945,5,2227
38,1945,5,2228
39,1945,5,2229
40,1945,5,2230
41,1945,6,2231
42,1945,7,2232
43,1945,8,2233
44,1945,8,2234
45,1945,8,2235
46,1945,8,2236
47,1945,8,2237
48,1945,9,2238
49,1945,9,2239
50,1945,9,2240
51,1945,8,2241
52,1945,8,2242
53,1945,8,2243
54,1945,8,2244
55,1945,8,2245
56,1945,6,2246
57,1945,5,2247
58,1945,5,2248
59,1945,5,2249
60,1945,5,2250
61,1945,5,2251
62,1945,5,2252
63,1945,5,2253
64,1945,3,2254
65,1945,2,2255
66,1945,1,2256
67,1945,1,2257
68,1945,1,2258
69,1945,1,2259
70,1945,1,2260
71,1945,1,2261
72,1945,1,2262
73,1945,1,2263
74,1945,2,2264
75,1945,2,2265
76,1945,2,2266
77,1945,2,2267
78,1945,3,2268
79,1945,3,2269
80,1945,3,2270
81,1945,3,2271
82,1945,3,2272
83,1945,3,2273
84,1945,3,2274
85,1945,3,2275
86,1945,4,2276
87,1945,4,2277
88,1945,4,2278
89,1945,5,2279
90,1945,6,2280
91,1945,5,2281
92,1945,5,2282
93,1945,5,2283
94,1945,5,2284
95,1945,4,2285
96,1945,4,2286
97,1945,2,2287
98,1945,2,2288
99,1945,2,2289
100,1945,2,2290
101,1945,1,2291
102,1945,1,2292
103,1945,1,2293
104,1945,1,2294
105,1945,1,2295
106,1945,1,2296
107,1945,1,2297
108,1945,1,2298
109,1945,1,2299
110,1945,1,2300
111,1945,2,2301
112,1945,2,2302
113,1945,3,2303
114,1945,3,2304
115,1945,2,2305
116,1945,2,2306
117,1945,2,2307
118,1945,4,2308
119,1945,6,2309
120,1945,6,2310
121,1945,6,2311
122,1945,6,2312
123,1945,6,2313
124,1945,6,2314
125,1945,5,2315
126,1945,6,2316
127,1945,6,2317
128,1945,6,2318
129,1945,5,2319
130,1945,5,2320
131,1945,5,2321
132,1945,3,2322
133,1945,2,2323
134,1945,2,2324
135,1945,2,2325
136,1945,2,2326
137,1945,2,2327
138,1945,2,2328
139,1945,2,2329
140,1945,2,2330
141,1945,2,2331
142,1945,2,2332
143,1945,2,2333
144,1945,2,2334
145,1945,2,2335
146,1945,2,2336
147,1945,2,2337
148,1945,2,2338
149,1945,2,2339
150,1945,2,2340
151,1945,2,2341
152,1945,2,2342
153,1945,4,2343
154,1945,4,2344
155,1945,4,2345
156,1945,4,2346
157,1945,4,2347
158,1945,4,2348
159,1945,5,2349
160,1945,3,2350
161,1945,4,2351
162,1945,5,2352
163,1945,4,2353
164,1945,4,2354
165,1945,4,2355
166,1945,4,2356
167,1945,4,2357
168,1945,4,2358
169,1945,4,2359
170,1945,5,2360
171,1945,5,2361
172,1945,4,2362
173,1945,4,2363
174,1945,3,2364
175,1945,4,2365
176,1945,3,2366
177,1945,4,2367
178,1945,4,2368
179,1945,4,2369
180,1945,4,2370
181,1945,5,2371
182,1945,4,2372
183,1945,4,2373
184,1945,3,2374
185,1945,3,2375
186,1945,3,2376
187,1945,3,2377
188,1945,3,2378
189,1945,3,2379
190,1945,3,2380
191,1945,3,2381
192,1945,2,2382
193,1945,2,2383
194,1945,3,2384
195,1945,3,2385
196,1945,3,2386
197,1945,3,2387
198,1945,3,2388
199,1945,3,2389
200,1945,3,2390
201,1945,3,2391
202,1945,3,2392
203,1945,4,2393
204,1945,3,2394
205,1945,3,2395
206,1945,3,2396
207,1945,3,2397
208,1945,3,2398
209,1945,3,2399
210,1945,3,2400
211,1945,3,2401
212,1945,3,2402
213,1945,2,2403
214,1945,2,2404
215,1945,2,2405
216,1945,2,2406
217,1945,2,2407
218,1945,2,2408
219,1945,2,2409
220,1945,2,2410
221,1945,2,2411
222,1945,2,2412
223,1945,2,2413
224,1945,2,2414
225,1945,2,2415
226,1945,2,2416
227,1945,2,2417
228,1945,2,2418
229,1945,3,2419
230,1945,3,2420
231,1945,3,2421
232,1945,4,2422
233,1945,4,2423
234,1945,4,2424
235,1945,4,2425
236,1945,4,2426
237,1945,3,2427
238,1945,3,2428
239,1945,4,2429
240,1945,4,2430
241,1945,4,2431
242,1945,4,2432
243,1945,4,2433
244,1945,4,2434
245,1945,4,2435
246,1945,4,2436
247,1945,4,2437
248,1945,3,2438
249,1945,3,2439
250,1945,3,2440
251,1945,3,2441
252,1945,3,2442
253,1945,3,2443
254,1945,3,2444
255,1945,4,2445
256,1945,4,2446
257,1945,4,2447
258,1945,4,2448
259,1945,3,2449
260,1945,3,2450
261,1945,3,2451
262,1945,4,2452
263,1945,4,2453
264,1945,4,2454
265,1945,5,2455
266,1945,6,2456
267,1945,7,2457
268,1945,7,2458
269,1945,7,2459
270,1945,7,2460
271,1945,7,2461
272,1945,5,2462
273,1945,6,2463
274,1945,7,2464
275,1945,7,2465
276,1945,3,2466
277,1945,3,2467
278,1945,3,2468
279,1945,3,2469
280,1945,3,2470
281,1945,4,2471
282,1945,3,2472
283,1945,3,2473
284,1945,3,2474
285,1945,3,2475
286,1945,3,2476
287,1945,3,2477
288,1945,3,2478
289,1945,3,2479
290,1945,3,2480
291,1945,3,2481
292,1945,4,2482
293,1945,4,2483
294,1945,4,2484
295,1945,4,2485
296,1945,4,2486
297,1945,4,2487
298,1945,4,2488
299,1945,4,2489
300,1945,3,2490
301,1945,3,2491
302,1945,4,2492
303,1945,4,2493
304,1945,2,2494
305,1945,2,2495
306,1945,2,2496
307,1945,2,2497
308,1945,3,2498
309,1945,3,2499
310,1945,2,2500
311,1945,2,2501
312,1945,2,2502
313,1945,2,2503
314,1945,2,2504
315,1945,3,2505
316,1945,3,2506
317,1945,3,2507
318,1945,3,2508
319,1945,3,2509
320,1945,3,2510
321,1945,3,2511
322,1945,3,2512
323,1945,3,2513
324,1945,4,2514
325,1945,4,2515
326,1945,4,2516
327,1945,5,2517
328,1945,5,2518
329,1945,5,2519
330,1945,5,2520
331,1945,5,2521
332,1945,4,2522
333,1945,4,2523
334,1945,4,2524
335,1945,4,2525
336,1945,3,2526
337,1945,3,2527
338,1945,4,2528
339,1945,4,2529
340,1945,4,2530
341,1945,4,2531
342,1945,4,2532
343,1945,4,2533
344,1945,4,2534
345,1945,4,2535
346,1945,3,2536
347,1945,3,2537
348,1945,3,2538
349,1945,3,2539
350,1945,2,2540
351,1945,2,2541
352,1945,2,2542
353,1945,2,2543
354,1945,2,2544
355,1945,2,2545
356,1945,2,2546
357,1945,2,2547
358,1945,2,2548
359,1945,2,2549
360,1945,2,2550
361,1945,2,2551
362,1945,2,2552
363,1945,2,2553
364,1945,2,2554
365,1945,2,2555
1,1946,2,2556
2,1946,2,2557
3,1946,2,2558
4,1946,2,2559
5,1946,2,2560
6,1946,2,2561
7,1946,2,2562
8,1946,2,2563
9,1946,2,2564
10,1946,2,2565
11,1946,3,2566
12,1946,4,2567
13,1946,6,2568
14,1946,6,2569
15,1946,6,2570
16,1946,6,2571
17,1946,6,2572
18,1946,7,2573
19,1946,6,2574
20,1946,6,2575
21,1946,6,2576
22,1946,6,2577
23,1946,6,2578
24,1946,6,2579
25,1946,7,2580
26,1946,7,2581
27,1946,8,2582
28,1946,8,2583
29,1946,8,2584
30,1946,8,2585
31,1946,8,2586
32,1946,8,2587
33,1946,8,2588
34,1946,8,2589
35,1946,7,2590
36,1946,7,2591
37,1946,7,2592
38,1946,7,2593
39,1946,8,2594
40,1946,8,2595
41,1946,8,2596
42,1946,8,2597
43,1946,8,2598
44,1946,8,2599
45,1946,8,2600
46,1946,8,2601
47,1946,7,2602
48,1946,6,2603
49,1946,6,2604
50,1946,6,2605
51,1946,6,2606
52,1946,6,2607
53,1946,5,2608
54,1946,5,2609
55,1946,5,2610
56,1946,5,2611
57,1946,5,2612
58,1946,5,2613
59,1946,5,2614
60,1946,4,2615
61,1946,4,2616
62,1946,4,2617
63,1946,4,2618
64,1946,4,2619
65,1946,4,2620
66,1946,5,2621
67,1946,5,2622
68,1946,5,2623
69,1946,6,2624
70,1946,6,2625
71,1946,6,2626
72,1946,6,2627
73,1946,6,2628
74,1946,6,2629
75,1946,6,2630
76,1946,6,2631
77,1946,6,2632
78,1946,6,2633
79,1946,6,2634
80,1946,6,2635
81,1946,7,2636
82,1946,7,2637
83,1946,8,2638
84,1946,8,2639
85,1946,8,2640
86,1946,8,2641
87,1946,9,2642
88,1946,8,2643
89,1946,8,2644
90,1946,7,2645
91,1946,7,2646
92,1946,7,2647
93,1946,7,2648
94,1946,7,2649
95,1946,7,2650
96,1946,8,2651
97,1946,7,2652
98,1946,6,2653
99,1946,6,2654
100,1946,6,2655
101,1946,6,2656
102,1946,6,2657
103,1946,7,2658
104,1946,8,2659
105,1946,10,2660
106,1946,10,2661
107,1946,10,2662
108,1946,10,2663
109,1946,10,2664
110,1946,10,2665
111,1946,9,2666
112,1946,9,2667
113,1946,9,2668
114,1946,9,2669
115,1946,9,2670
116,1946,8,2671
117,1946,7,2672
118,1946,7,2673
119,1946,8,2674
120,1946,8,2675
121,1946,8,2676
122,1946,8,2677
123,1946,8,2678
124,1946,7,2679
125,1946,7,2680
126,1946,8,2681
127,1946,7,2682
128,1946,7,2683
129,1946,7,2684
130,1946,6,2685
131,1946,6,2686
132,1946,6,2687
133,1946,6,2688
134,1946,5,2689
135,1946,5,2690
136,1946,5,2691
137,1946,5,2692
138,1946,5,2693
139,1946,5,2694
140,1946,7,2695
141,1946,6,2696
142,1946,6,2697
143,1946,6,2698
144,1946,6,2699
145,1946,6,2700
146,1946,5,2701
147,1946,6,2702
148,1946,6,2703
149,1946,6,2704
150,1946,6,2705
151,1946,6,2706
152,1946,6,2707
153,1946,9,2708
154,1946,9,2709
155,1946,8,2710
156,1946,8,2711
157,1946,9,2712
158,1946,9,2713
159,1946,10,2714
160,1946,10,2715
161,1946,7,2716
162,1946,7,2717
163,1946,7,2718
164,1946,7,2719
165,1946,6,2720
166,1946,6,2721
167,1946,6,2722
168,1946,6,2723
169,1946,6,2724
170,1946,6,2725
171,1946,6,2726
172,1946,6,2727
173,1946,7,2728
174,1946,8,2729
175,1946,8,2730
176,1946,8,2731
177,1946,8,2732
178,1946,8,2733
179,1946,8,2734
180,1946,8,2735
181,1946,7,2736
182,1946,6,2737
183,1946,6,2738
184,1946,6,2739
185,1946,6,2740
186,1946,6,2741
187,1946,7,2742
188,1946,7,2743
189,1946,7,2744
190,1946,7,2745
191,1946,7,2746
192,1946,7,2747
193,1946,7,2748
194,1946,7,2749
195,1946,7,2750
196,1946,6,2751
197,1946,6,2752
198,1946,6,2753
199,1946,6,2754
200,1946,6,2755
201,1946,6,2756
202,1946,6,2757
203,1946,7,2758
204,1946,7,2759
205,1946,7,2760
206,1946,7,2761
207,1946,7,2762
208,1946,7,2763
209,1946,8,2764
210,1946,8,2765
211,1946,8,2766
212,1946,8,2767
213,1946,8,2768
214,1946,10,2769
215,1946,10,2770
216,1946,9,2771
217,1946,9,2772
218,1946,9,2773
219,1946,9,2774
220,1946,9,2775
221,1946,7,2776
222,1946,7,2777
223,1946,7,2778
224,1946,7,2779
225,1946,7,2780
226,1946,7,2781
227,1946,7,2782
228,1946,7,2783
229,1946,7,2784
230,1946,6,2785
231,1946,7,2786
232,1946,7,2787
233,1946,7,2788
234,1946,7,2789
235,1946,7,2790
236,1946,7,2791
237,1946,6,2792
238,1946,7,2793
239,1946,6,2794
240,1946,6,2795
241,1946,6,2796
242,1946,6,2797
243,1946,6,2798
244,1946,6,2799
245,1946,6,2800
246,1946,5,2801
247,1946,5,2802
248,1946,5,2803
249,1946,5,2804
250,1946,5,2805
251,1946,5,2806
252,1946,5,2807
253,1946,5,2808
254,1946,5,2809
255,1946,6,2810
256,1946,6,2811
257,1946,6,2812
